"Year","System 1","System 2"
2000,0.00874704502630482,0.00106322185930412
2001,0.221669088585022,0.277652088971029
2002,0.144277990454366,NA
2004,0.464375752893957,NA
